epoch,time(s),train_loss,test_loss,test_error(%)
001,00045,1.763633,1.87512,62.62
002,00045,1.572833,1.64960,55.44
